2023-08-15 12:24:17,38
2023-08-15 12:25:18,38
2023-08-15 12:26:18,38
2023-08-15 12:27:19,38
2023-08-15 12:28:19,38
2023-08-15 12:29:19,39
2023-08-15 12:30:19,39
2023-08-15 12:31:19,38
2023-08-15 12:32:19,38
2023-08-15 12:33:19,39
2023-08-15 12:34:20,38
2023-08-15 12:35:20,38
2023-08-15 12:36:20,38
2023-08-15 12:37:20,38
2023-08-15 12:38:20,38
2023-08-15 12:39:20,38
2023-08-15 12:40:20,38
2023-08-15 12:41:20,38
2023-08-15 12:42:20,38
2023-08-15 12:43:20,38
2023-08-15 12:44:20,38
2023-08-15 12:45:21,38
2023-08-15 12:46:21,38
2023-08-15 12:47:21,38
2023-08-15 12:48:21,38
2023-08-15 12:49:21,38
2023-08-15 12:50:21,38
2023-08-15 12:51:21,39
2023-08-15 12:52:21,39
2023-08-15 12:53:21,39
2023-08-15 12:54:22,39
2023-08-15 12:55:22,39
2023-08-15 12:56:22,39
2023-08-15 12:57:22,39
2023-08-15 12:58:22,39
2023-08-15 12:59:22,39
2023-08-15 13:00:22,39
2023-08-15 13:01:22,39
2023-08-15 13:02:22,39
2023-08-15 13:03:22,39
2023-08-15 13:04:23,39
2023-08-15 13:05:23,39
2023-08-15 13:06:23,39
2023-08-15 13:07:23,39
2023-08-15 13:08:23,39
2023-08-15 13:09:23,39
2023-08-15 13:10:23,39
2023-08-15 13:11:23,39
2023-08-15 13:12:23,39
2023-08-15 13:13:23,39
2023-08-15 13:14:24,39
2023-08-15 13:15:24,39
2023-08-15 13:16:24,39
2023-08-15 13:17:24,39
2023-08-15 13:18:24,39
2023-08-15 13:19:24,39
2023-08-15 13:20:24,39
2023-08-15 13:21:24,39
2023-08-15 13:22:24,39
2023-08-15 13:23:25,39
2023-08-15 13:24:25,39
2023-08-15 13:25:25,39
2023-08-15 13:26:25,39
2023-08-15 13:27:25,39
2023-08-15 13:28:25,39
2023-08-15 13:29:25,39
2023-08-15 13:30:25,39
2023-08-15 13:31:25,39
2023-08-15 13:32:26,39
2023-08-15 13:33:26,39
2023-08-15 13:34:26,39
2023-08-15 13:35:26,39
2023-08-15 13:36:26,39
2023-08-15 13:37:26,38
2023-08-15 13:38:26,38
2023-08-15 13:39:26,38
2023-08-15 13:40:27,38
2023-08-15 13:41:27,38
2023-08-15 13:42:27,38
2023-08-15 13:43:27,38
2023-08-15 13:44:27,38
2023-08-15 13:45:27,38
2023-08-15 13:46:27,38
2023-08-15 13:47:27,38
2023-08-15 13:48:27,38
2023-08-15 13:49:27,39
2023-08-15 13:50:28,38
2023-08-15 13:51:28,38
2023-08-15 13:52:28,38
2023-08-15 13:53:28,38
2023-08-15 13:54:28,38
2023-08-15 13:55:28,38
2023-08-15 13:56:28,38
2023-08-15 13:57:28,38
2023-08-15 13:58:28,39
2023-08-15 13:59:29,39
2023-08-15 14:00:29,38
2023-08-15 14:01:29,38
2023-08-15 14:02:29,38
2023-08-15 14:03:29,38
2023-08-15 14:04:29,38
2023-08-15 14:05:29,38
2023-08-15 14:06:29,38
2023-08-15 14:07:29,38
2023-08-15 14:08:30,38
2023-08-15 14:09:30,38
2023-08-15 14:10:30,38
2023-08-15 14:11:30,38
2023-08-15 14:12:30,38
2023-08-15 14:13:30,38
2023-08-15 14:14:30,38
2023-08-15 14:15:30,38
2023-08-15 14:16:30,38
2023-08-15 14:17:31,38
2023-08-15 14:18:31,38
2023-08-15 14:19:31,38
2023-08-15 14:20:31,38
2023-08-15 14:21:31,38
2023-08-15 14:22:31,38
2023-08-15 14:23:31,38
2023-08-15 14:24:31,38
2023-08-15 14:25:31,38
2023-08-15 14:26:32,38
2023-08-15 14:27:32,38
2023-08-15 14:28:32,38
2023-08-15 14:29:32,38
2023-08-15 14:30:32,38
2023-08-15 14:31:32,38
2023-08-15 14:32:32,38
2023-08-15 14:33:32,38
2023-08-15 14:34:32,38
2023-08-15 14:35:33,38
2023-08-15 14:36:33,37
2023-08-15 14:37:33,37
2023-08-15 14:38:33,38
2023-08-15 14:39:33,38
2023-08-15 14:40:33,38
2023-08-15 14:41:33,38
2023-08-15 14:42:33,38
2023-08-15 14:43:33,38
2023-08-15 14:44:33,37
2023-08-15 14:45:33,37
2023-08-15 14:46:34,38
2023-08-15 14:47:34,38
2023-08-15 14:48:34,38
2023-08-15 14:49:34,38
2023-08-15 14:50:34,38
2023-08-15 14:51:34,38
2023-08-15 14:52:34,38
2023-08-15 14:53:34,38
2023-08-15 14:54:34,38
2023-08-15 14:55:35,38
2023-08-15 14:56:35,38
2023-08-15 14:57:35,38
2023-08-15 14:58:35,38
2023-08-15 14:59:35,38
2023-08-15 15:00:35,38
2023-08-15 15:01:35,38
2023-08-15 15:02:35,38
2023-08-15 15:03:35,38
2023-08-15 15:04:36,37
2023-08-15 15:05:36,37
2023-08-15 15:06:36,37
2023-08-15 15:07:36,37
2023-08-15 15:08:36,37
2023-08-15 15:09:36,37
2023-08-15 15:10:36,37
2023-08-15 15:11:36,37
2023-08-15 15:12:36,37
2023-08-15 15:13:37,37
2023-08-15 15:14:37,37
2023-08-15 15:15:37,37
2023-08-15 15:16:37,37
2023-08-15 15:17:37,37
2023-08-15 15:18:37,37
2023-08-15 15:19:37,37
2023-08-15 15:20:37,37
2023-08-15 15:21:37,37
2023-08-15 15:22:38,37
2023-08-15 15:23:38,37
2023-08-15 15:24:38,37
2023-08-15 15:25:38,37
2023-08-15 15:26:38,37
2023-08-15 15:27:38,37
2023-08-15 15:28:38,37
2023-08-15 15:29:38,37
2023-08-15 15:30:38,37
2023-08-15 15:31:39,37
2023-08-15 15:32:39,37
2023-08-15 15:33:39,37
2023-08-15 15:34:39,37
2023-08-15 15:35:39,37
2023-08-15 15:36:39,37
2023-08-15 15:37:39,37
2023-08-15 15:38:39,37
2023-08-15 15:39:39,37
2023-08-15 15:40:40,37
2023-08-15 15:41:40,37
2023-08-15 15:42:40,37
2023-08-15 15:43:40,37
2023-08-15 15:44:40,37
2023-08-15 15:45:40,37
2023-08-15 15:46:40,37
2023-08-15 15:47:40,37
2023-08-15 15:48:40,37
2023-08-15 15:49:40,37
2023-08-15 15:50:41,37
2023-08-15 15:51:41,37
2023-08-15 15:52:41,37
2023-08-15 15:53:41,37
2023-08-15 15:54:41,37
2023-08-15 15:55:41,37
2023-08-15 15:56:41,37
2023-08-15 15:57:41,37
2023-08-15 15:58:41,37
2023-08-15 15:59:42,37
2023-08-15 16:00:42,36
2023-08-15 16:01:42,37
2023-08-15 16:02:42,37
2023-08-15 16:03:42,37
2023-08-15 16:04:42,37
2023-08-15 16:05:42,37
2023-08-15 16:06:42,37
2023-08-15 16:07:42,37
2023-08-15 16:08:43,37
2023-08-15 16:09:43,37
2023-08-15 16:10:43,37
2023-08-15 16:11:43,37
2023-08-15 16:12:43,37
2023-08-15 16:13:43,37
2023-08-15 16:14:43,37
2023-08-15 16:15:43,37
2023-08-15 16:16:43,37
2023-08-15 16:17:44,37
2023-08-15 16:18:44,37
2023-08-15 16:19:44,37
2023-08-15 16:20:44,37
2023-08-15 16:21:44,37
2023-08-15 16:22:44,37
2023-08-15 16:23:44,37
2023-08-15 16:24:44,37
2023-08-15 16:25:44,37
2023-08-15 16:26:44,37
2023-08-15 16:27:45,37
2023-08-15 16:28:45,37
2023-08-15 16:29:45,37
2023-08-15 16:30:45,37
2023-08-15 16:31:45,37
2023-08-15 16:32:45,37
2023-08-15 16:33:45,37
2023-08-15 16:34:45,37
2023-08-15 16:35:45,37
2023-08-15 16:36:45,37
2023-08-15 16:37:46,37
2023-08-15 16:38:46,37
2023-08-15 16:39:46,37
2023-08-15 16:40:46,37
2023-08-15 16:41:46,37
2023-08-15 16:42:46,37
2023-08-15 16:43:46,37
2023-08-15 16:44:46,37
2023-08-15 16:45:46,37
2023-08-15 16:46:47,37
2023-08-15 16:47:47,37
2023-08-15 16:48:47,37
2023-08-15 16:49:47,37
2023-08-15 16:50:47,37
2023-08-15 16:51:47,37
2023-08-15 16:52:47,37
2023-08-15 16:53:47,37
2023-08-15 16:54:47,37
2023-08-15 16:55:48,37
2023-08-15 16:56:48,37
2023-08-15 16:57:48,37
2023-08-15 16:58:48,36
2023-08-15 16:59:48,36
2023-08-15 17:00:48,36
2023-08-15 17:01:48,36
2023-08-15 17:02:48,36
2023-08-15 17:03:48,36
2023-08-15 17:04:49,36
2023-08-15 17:05:49,36
2023-08-15 17:06:49,36
2023-08-15 17:07:49,35
2023-08-15 17:08:49,36
2023-08-15 17:09:49,35
2023-08-15 17:10:49,35
2023-08-15 17:11:49,35
2023-08-15 17:12:49,35
2023-08-15 17:13:50,35
2023-08-15 17:14:50,35
2023-08-15 17:15:50,35
2023-08-15 17:16:50,35
2023-08-15 17:17:50,35
2023-08-15 17:18:50,35
2023-08-15 17:19:50,35
2023-08-15 17:20:50,35
2023-08-15 17:21:50,35
2023-08-15 17:22:51,35
2023-08-15 17:23:51,35
2023-08-15 17:24:51,35
2023-08-15 17:25:51,35
2023-08-15 17:26:51,35
2023-08-15 17:27:51,35
2023-08-15 17:28:51,35
2023-08-15 17:29:51,35
2023-08-15 17:30:51,35
2023-08-15 17:31:51,35
2023-08-15 17:32:52,35
2023-08-15 17:33:52,35
2023-08-15 17:34:52,35
2023-08-15 17:35:52,35
2023-08-15 17:36:52,35
2023-08-15 17:37:52,35
2023-08-15 17:38:52,34
2023-08-15 17:39:52,34
2023-08-15 17:40:52,34
2023-08-15 17:41:53,34
2023-08-15 17:42:53,34
2023-08-15 17:43:53,34
2023-08-15 17:44:53,34
2023-08-15 17:45:53,34
2023-08-15 17:46:53,34
2023-08-15 17:47:53,35
2023-08-15 17:48:53,34
2023-08-15 17:49:53,34
2023-08-15 17:50:54,34
2023-08-15 17:51:54,34
2023-08-15 17:52:54,34
2023-08-15 17:53:54,34
2023-08-15 17:54:54,34
2023-08-15 17:55:54,34
2023-08-15 17:56:54,34
2023-08-15 17:57:54,35
2023-08-15 17:58:54,35
2023-08-15 17:59:55,35
2023-08-15 18:00:55,34
2023-08-15 18:01:55,34
2023-08-15 18:02:55,34
2023-08-15 18:03:55,34
2023-08-15 18:04:55,34
2023-08-15 18:05:55,34
2023-08-15 18:06:55,34
2023-08-15 18:07:55,34
2023-08-15 18:08:55,34
2023-08-15 18:09:56,34
2023-08-15 18:10:56,34
2023-08-15 18:11:56,35
2023-08-15 18:12:56,35
2023-08-15 18:13:56,35
2023-08-15 18:14:56,35
2023-08-15 18:15:56,35
2023-08-15 18:16:56,35
2023-08-15 18:17:56,35
2023-08-15 18:18:57,35
2023-08-15 18:19:57,35
2023-08-15 18:20:57,35
2023-08-15 18:21:57,34
2023-08-15 18:22:57,34
2023-08-15 18:23:57,34
2023-08-15 18:24:57,35
2023-08-15 18:25:57,34
2023-08-15 18:26:57,35
2023-08-15 18:27:58,35
2023-08-15 18:28:58,34
2023-08-15 18:29:58,34
2023-08-15 18:30:58,34
2023-08-15 18:31:58,34
2023-08-15 18:32:58,34
2023-08-15 18:33:58,34
2023-08-15 18:34:58,35
2023-08-15 18:35:58,34
2023-08-15 18:36:58,34
2023-08-15 18:38:00,34
2023-08-15 18:39:00,34
2023-08-15 18:40:00,34
2023-08-15 18:41:00,34
2023-08-15 18:42:00,34
2023-08-15 18:43:00,34
2023-08-15 18:44:00,33
2023-08-15 18:45:00,33
2023-08-15 18:46:00,34
2023-08-15 18:47:01,34
2023-08-15 18:48:01,33
2023-08-15 18:49:01,34
2023-08-15 18:50:01,34
2023-08-15 18:51:01,34
2023-08-15 18:52:01,34
2023-08-15 18:53:01,34
2023-08-15 18:54:01,34
2023-08-15 18:55:01,34
2023-08-15 18:56:02,34
2023-08-15 18:57:02,34
2023-08-15 18:58:02,34
2023-08-15 18:59:02,35
2023-08-15 19:00:02,35
2023-08-15 19:01:02,34
2023-08-15 19:02:02,35
2023-08-15 19:03:02,34
2023-08-15 19:04:02,34
2023-08-15 19:05:03,34
2023-08-15 19:06:03,34
2023-08-15 19:07:03,34
2023-08-15 19:08:03,34
2023-08-15 19:09:03,34
2023-08-15 19:10:03,35
2023-08-15 19:11:03,35
2023-08-15 19:12:03,35
2023-08-15 19:13:03,35
2023-08-15 19:14:03,35
2023-08-15 19:15:04,34
2023-08-15 19:16:04,35
2023-08-15 19:17:04,35
2023-08-15 19:18:04,35
2023-08-15 19:19:04,35
2023-08-15 19:20:04,35
2023-08-15 19:21:04,35
2023-08-15 19:22:04,35
2023-08-15 19:23:04,35
2023-08-15 19:24:05,35
2023-08-15 19:25:05,35
2023-08-15 19:26:05,35
2023-08-15 19:27:05,35
2023-08-15 19:28:05,35
2023-08-15 19:29:05,35
2023-08-15 19:30:05,35
2023-08-15 19:31:05,35
2023-08-15 19:32:05,35
2023-08-15 19:33:06,35
2023-08-15 19:34:06,35
2023-08-15 19:35:06,35
2023-08-15 19:36:06,35
2023-08-15 19:37:06,36
2023-08-15 19:38:06,36
2023-08-15 19:39:06,36
2023-08-15 19:40:06,36
2023-08-15 19:41:06,36
2023-08-15 19:42:07,36
2023-08-15 19:43:07,36
2023-08-15 19:44:07,36
2023-08-15 19:45:07,36
2023-08-15 19:46:07,36
2023-08-15 19:47:07,36
2023-08-15 19:48:07,36
2023-08-15 19:49:07,36
2023-08-15 19:50:07,36
2023-08-15 19:51:07,36
2023-08-15 19:52:07,36
2023-08-15 19:53:08,36
2023-08-15 19:54:08,36
2023-08-15 19:55:08,36
2023-08-15 19:56:08,36
2023-08-15 19:57:08,36
2023-08-15 19:58:08,36
2023-08-15 19:59:08,36
2023-08-15 20:00:08,36
2023-08-15 20:01:08,36
2023-08-15 20:02:09,36
2023-08-15 20:03:09,36
2023-08-15 20:04:09,36
2023-08-15 20:05:09,35
2023-08-15 20:06:09,36
2023-08-15 20:07:09,36
2023-08-15 20:08:09,36
2023-08-15 20:09:09,36
2023-08-15 20:10:09,36
2023-08-15 20:11:10,35
2023-08-15 20:12:10,35
2023-08-15 20:13:10,35
2023-08-15 20:14:10,35
2023-08-15 20:15:10,35
2023-08-15 20:16:10,35
2023-08-15 20:17:10,35
2023-08-15 20:18:10,35
2023-08-15 20:19:10,35
2023-08-15 20:20:11,35
2023-08-15 20:21:11,35
2023-08-15 20:22:11,35
2023-08-15 20:23:11,35
2023-08-15 20:24:11,35
2023-08-15 20:25:11,35
2023-08-15 20:26:11,35
2023-08-15 20:27:11,35
2023-08-15 20:28:11,35
2023-08-15 20:29:12,35
2023-08-15 20:30:12,35
2023-08-15 20:31:12,35
2023-08-15 20:32:12,35
2023-08-15 20:33:12,35
2023-08-15 20:34:12,35
2023-08-15 20:35:12,35
2023-08-15 20:36:12,35
2023-08-15 20:37:12,35
2023-08-15 20:38:13,35
2023-08-15 20:39:13,35
2023-08-15 20:40:13,35
2023-08-15 20:41:13,35
2023-08-15 20:42:13,35
2023-08-15 20:43:13,35
2023-08-15 20:44:13,35
2023-08-15 20:45:13,35
2023-08-15 20:46:13,35
2023-08-15 20:47:13,35
2023-08-15 20:48:14,35
2023-08-15 20:49:14,35
2023-08-15 20:50:14,35
2023-08-15 20:51:14,35
2023-08-15 20:52:14,35
2023-08-15 20:53:14,35
2023-08-15 20:54:14,35
2023-08-15 20:55:14,35
2023-08-15 20:56:14,35
2023-08-15 20:57:15,35
2023-08-15 20:58:15,35
2023-08-15 20:59:15,35
2023-08-15 21:00:15,35
2023-08-15 21:01:15,35
2023-08-15 21:02:15,35
2023-08-15 21:03:15,35
2023-08-15 21:04:15,35
2023-08-15 21:05:15,35
2023-08-15 21:06:16,35
2023-08-15 21:07:16,35
2023-08-15 21:08:16,35
2023-08-15 21:09:16,35
2023-08-15 21:10:16,35
2023-08-15 21:11:16,35
2023-08-15 21:12:16,35
2023-08-15 21:13:16,35
2023-08-15 21:14:16,35
2023-08-15 21:15:17,35
2023-08-15 21:16:17,35
2023-08-15 21:17:17,35
2023-08-15 21:18:17,35
2023-08-15 21:19:17,35
2023-08-15 21:20:17,35
2023-08-15 21:21:17,35
2023-08-15 21:22:17,34
2023-08-15 21:23:17,34
2023-08-15 21:24:17,34
2023-08-15 21:25:18,34
2023-08-15 21:26:18,34
2023-08-15 21:27:18,34
2023-08-15 21:28:18,35
2023-08-15 21:29:18,35
2023-08-15 21:30:18,34
2023-08-15 21:31:18,34
2023-08-15 21:32:18,34
2023-08-15 21:33:18,34
2023-08-15 21:34:18,34
2023-08-15 21:35:19,34
2023-08-15 21:36:19,34
2023-08-15 21:37:19,35
2023-08-15 21:38:19,34
2023-08-15 21:39:19,34
2023-08-15 21:40:19,34
2023-08-15 21:41:19,34
2023-08-15 21:42:19,34
2023-08-15 21:43:19,34
2023-08-15 21:44:19,34
2023-08-15 21:45:20,34
2023-08-15 21:46:20,34
2023-08-15 21:47:20,34
2023-08-15 21:48:20,34
2023-08-15 21:49:20,34
2023-08-15 21:50:20,34
2023-08-15 21:51:20,34
2023-08-15 21:52:20,34
2023-08-15 21:53:20,34
2023-08-15 21:54:21,34
2023-08-15 21:55:21,35
2023-08-15 21:56:21,35
2023-08-15 21:57:21,35
2023-08-15 21:58:21,35
2023-08-15 21:59:21,35
2023-08-15 22:00:21,35
2023-08-15 22:01:21,35
2023-08-15 22:02:21,35
2023-08-15 22:03:22,35
2023-08-15 22:04:22,35
2023-08-15 22:05:22,35
2023-08-15 22:06:22,35
2023-08-15 22:07:22,35
2023-08-15 22:08:22,35
2023-08-15 22:09:22,35
2023-08-15 22:10:22,35
2023-08-15 22:11:22,35
2023-08-15 22:12:23,35
2023-08-15 22:13:23,35
2023-08-15 22:14:23,35
2023-08-15 22:15:23,35
2023-08-15 22:16:23,35
2023-08-15 22:17:23,35
2023-08-15 22:18:23,35
2023-08-15 22:19:23,35
2023-08-15 22:20:23,35
2023-08-15 22:21:23,35
2023-08-15 22:22:24,35
2023-08-15 22:23:24,35
2023-08-15 22:24:24,34
2023-08-15 22:25:24,35
2023-08-15 22:26:24,35
2023-08-15 22:27:24,34
2023-08-15 22:28:24,34
2023-08-15 22:29:24,34
2023-08-15 22:30:24,34
2023-08-15 22:31:24,34
2023-08-15 22:32:25,34
2023-08-15 22:33:25,34
2023-08-15 22:34:25,34
2023-08-15 22:35:25,34
2023-08-15 22:36:25,34
2023-08-15 22:37:25,34
2023-08-15 22:38:25,34
2023-08-15 22:39:25,34
2023-08-15 22:40:25,34
2023-08-15 22:41:25,34
2023-08-15 22:42:26,34
2023-08-15 22:43:26,34
2023-08-15 22:44:26,34
2023-08-15 22:45:26,34
2023-08-15 22:46:26,34
2023-08-15 22:47:26,34
2023-08-15 22:48:26,34
2023-08-15 22:49:26,33
2023-08-15 22:50:26,33
2023-08-15 22:51:27,33
2023-08-15 22:52:27,33
2023-08-15 22:53:27,32
2023-08-15 22:54:27,32
2023-08-15 22:55:27,32
2023-08-15 22:56:27,32
2023-08-15 22:57:27,32
2023-08-15 22:58:27,33
2023-08-15 22:59:27,33
2023-08-15 23:00:28,33
2023-08-15 23:01:28,33
2023-08-15 23:02:28,33
2023-08-15 23:03:28,33
2023-08-15 23:04:28,33
2023-08-15 23:05:28,32
2023-08-15 23:06:28,32
2023-08-15 23:07:28,32
2023-08-15 23:08:28,32
2023-08-15 23:09:29,32
2023-08-15 23:10:29,32
2023-08-15 23:11:29,33
2023-08-15 23:12:29,32
2023-08-15 23:13:29,32
2023-08-15 23:14:29,32
2023-08-15 23:15:29,32
2023-08-15 23:16:29,32
2023-08-15 23:17:29,33
2023-08-15 23:18:29,34
2023-08-15 23:19:29,34
2023-08-15 23:20:29,34
2023-08-15 23:21:30,34
2023-08-15 23:22:30,34
2023-08-15 23:23:30,34
2023-08-15 23:24:30,34
2023-08-15 23:25:30,34
2023-08-15 23:26:30,34
2023-08-15 23:27:30,34
2023-08-15 23:28:30,34
2023-08-15 23:29:30,34
2023-08-15 23:30:30,34
2023-08-15 23:31:30,34
2023-08-15 23:32:30,34
2023-08-15 23:33:31,34
2023-08-15 23:34:31,34
2023-08-15 23:35:31,34
2023-08-15 23:36:31,34
2023-08-15 23:37:31,34
2023-08-15 23:38:31,34
2023-08-15 23:39:31,34
2023-08-15 23:40:31,34
2023-08-15 23:41:31,33
2023-08-15 23:42:31,33
2023-08-15 23:43:31,33
2023-08-15 23:44:31,33
2023-08-15 23:45:31,33
2023-08-15 23:46:32,33
2023-08-15 23:47:32,33
2023-08-15 23:48:32,33
2023-08-15 23:49:32,33
2023-08-15 23:50:32,33
2023-08-15 23:51:32,33
2023-08-15 23:52:32,33
2023-08-15 23:53:32,33
2023-08-15 23:54:32,34
2023-08-15 23:55:32,33
2023-08-15 23:56:32,33
2023-08-15 23:57:32,33
2023-08-15 23:58:32,33
2023-08-15 23:59:33,33
2023-08-16 00:00:33,33
2023-08-16 00:01:33,33
2023-08-16 00:02:33,33
2023-08-16 00:03:33,33
2023-08-16 00:04:33,33
2023-08-16 00:05:33,33
2023-08-16 00:06:33,33
2023-08-16 00:07:33,33
2023-08-16 00:08:33,33
2023-08-16 00:09:33,33
2023-08-16 00:10:33,33
2023-08-16 00:11:34,33
2023-08-16 00:12:34,33
2023-08-16 00:13:34,33
2023-08-16 00:14:34,33
2023-08-16 00:15:34,33
2023-08-16 00:16:34,33
2023-08-16 00:17:34,33
2023-08-16 00:18:34,33
2023-08-16 00:19:34,33
2023-08-16 00:20:35,32
2023-08-16 00:21:35,32
2023-08-16 00:22:35,32
2023-08-16 00:23:35,33
2023-08-16 00:24:35,33
2023-08-16 00:25:35,33
2023-08-16 00:26:35,33
2023-08-16 00:27:35,33
2023-08-16 00:28:35,33
2023-08-16 00:29:36,33
2023-08-16 00:30:36,33
2023-08-16 00:31:36,33
2023-08-16 00:32:36,33
2023-08-16 00:33:36,33
2023-08-16 00:34:36,33
2023-08-16 00:35:36,33
2023-08-16 00:36:36,33
2023-08-16 00:37:37,33
2023-08-16 00:38:37,33
2023-08-16 00:39:37,33
2023-08-16 00:40:37,33
2023-08-16 00:41:37,33
2023-08-16 00:42:37,33
2023-08-16 00:43:37,33
2023-08-16 00:44:37,33
2023-08-16 00:45:37,33
2023-08-16 00:46:38,33
2023-08-16 00:47:38,33
2023-08-16 00:48:38,33
2023-08-16 00:49:38,33
2023-08-16 00:50:38,33
2023-08-16 00:51:38,33
2023-08-16 00:52:38,33
2023-08-16 00:53:38,33
2023-08-16 00:54:38,33
2023-08-16 00:55:38,33
2023-08-16 00:56:39,34
2023-08-16 00:57:39,33
2023-08-16 00:58:39,34
2023-08-16 00:59:39,34
2023-08-16 01:00:39,34
2023-08-16 01:01:39,34
2023-08-16 01:02:39,34
2023-08-16 01:03:39,34
2023-08-16 01:04:39,34
2023-08-16 01:05:40,34
2023-08-16 01:06:40,34
2023-08-16 01:07:40,34
2023-08-16 01:08:40,34
2023-08-16 01:09:40,34
2023-08-16 01:10:40,34
2023-08-16 01:11:40,34
2023-08-16 01:12:40,34
2023-08-16 01:13:40,34
2023-08-16 01:14:41,34
2023-08-16 01:15:41,34
2023-08-16 01:16:41,34
2023-08-16 01:17:41,34
2023-08-16 01:18:41,34
2023-08-16 01:19:41,34
2023-08-16 01:20:41,34
2023-08-16 01:21:41,34
2023-08-16 01:22:41,34
2023-08-16 01:23:42,34
2023-08-16 01:24:42,34
2023-08-16 01:25:42,34
2023-08-16 01:26:42,34
2023-08-16 01:27:42,34
2023-08-16 01:28:42,34
2023-08-16 01:29:42,34
2023-08-16 01:30:42,34
2023-08-16 01:31:42,34
2023-08-16 01:32:42,34
2023-08-16 01:33:43,34
2023-08-16 01:34:43,34
2023-08-16 01:35:43,34
2023-08-16 01:36:43,34
2023-08-16 01:37:43,34
2023-08-16 01:38:43,34
2023-08-16 01:39:43,34
2023-08-16 01:40:43,34
2023-08-16 01:41:43,33
2023-08-16 01:42:44,33
2023-08-16 01:43:44,33
2023-08-16 01:44:44,33
2023-08-16 01:45:44,33
2023-08-16 01:46:44,34
2023-08-16 01:47:44,33
2023-08-16 01:48:44,33
2023-08-16 01:49:44,34
2023-08-16 01:50:45,34
2023-08-16 01:51:45,33
2023-08-16 01:52:45,33
2023-08-16 01:53:45,33
2023-08-16 01:54:45,33
2023-08-16 01:55:45,33
2023-08-16 01:56:45,33
2023-08-16 01:57:45,33
2023-08-16 01:58:45,33
2023-08-16 01:59:45,33
2023-08-16 02:00:46,33
2023-08-16 02:01:46,33
2023-08-16 02:02:46,33
2023-08-16 02:03:46,33
2023-08-16 02:04:46,33
2023-08-16 02:05:46,33
2023-08-16 02:06:46,33
2023-08-16 02:07:46,33
2023-08-16 02:08:46,33
2023-08-16 02:09:47,33
2023-08-16 02:10:47,33
2023-08-16 02:11:47,33
2023-08-16 02:12:47,33
2023-08-16 02:13:47,33
2023-08-16 02:14:47,33
2023-08-16 02:15:47,33
2023-08-16 02:16:47,33
2023-08-16 02:17:47,33
2023-08-16 02:18:48,33
2023-08-16 02:19:48,33
2023-08-16 02:20:48,33
2023-08-16 02:21:48,33
2023-08-16 02:22:48,33
2023-08-16 02:23:48,33
2023-08-16 02:24:48,33
2023-08-16 02:25:48,33
2023-08-16 02:26:48,33
2023-08-16 02:27:48,33
2023-08-16 02:28:49,32
2023-08-16 02:29:49,33
2023-08-16 02:30:49,33
2023-08-16 02:31:49,33
2023-08-16 02:32:49,33
2023-08-16 02:33:49,33
2023-08-16 02:34:49,33
2023-08-16 02:35:49,32
2023-08-16 02:36:50,33
2023-08-16 02:37:50,33
2023-08-16 02:38:50,33
2023-08-16 02:39:50,33
2023-08-16 02:40:50,33
2023-08-16 02:41:50,33
2023-08-16 02:42:50,33
2023-08-16 02:43:50,33
2023-08-16 02:44:50,32
2023-08-16 02:45:50,33
2023-08-16 02:46:51,33
2023-08-16 02:47:51,33
2023-08-16 02:48:51,32
2023-08-16 02:49:51,32
2023-08-16 02:50:51,32
2023-08-16 02:51:51,32
2023-08-16 02:52:51,33
2023-08-16 02:53:51,32
2023-08-16 02:54:51,32
2023-08-16 02:55:52,33
2023-08-16 02:56:52,32
2023-08-16 02:57:52,32
2023-08-16 02:58:52,32
2023-08-16 02:59:52,32
2023-08-16 03:00:52,33
2023-08-16 03:01:52,32
2023-08-16 03:02:52,32
2023-08-16 03:03:52,32
2023-08-16 03:04:52,32
2023-08-16 03:05:52,32
2023-08-16 03:06:53,32
2023-08-16 03:07:53,32
2023-08-16 03:08:53,32
2023-08-16 03:09:53,32
2023-08-16 03:10:53,32
2023-08-16 03:11:53,32
2023-08-16 03:12:53,32
2023-08-16 03:13:53,32
2023-08-16 03:14:53,32
2023-08-16 03:15:54,32
2023-08-16 03:16:54,32
2023-08-16 03:17:54,32
2023-08-16 03:18:54,32
2023-08-16 03:19:54,33
2023-08-16 03:20:54,32
2023-08-16 03:21:54,32
2023-08-16 03:22:54,32
2023-08-16 03:23:54,32
2023-08-16 03:24:55,32
2023-08-16 03:25:55,32
2023-08-16 03:26:55,32
2023-08-16 03:27:55,32
2023-08-16 03:28:55,32
2023-08-16 03:29:55,32
2023-08-16 03:30:55,32
2023-08-16 03:31:55,32
2023-08-16 03:32:55,32
2023-08-16 03:33:56,32
2023-08-16 03:34:56,32
2023-08-16 03:35:56,32
2023-08-16 03:36:56,32
2023-08-16 03:37:56,32
2023-08-16 03:38:56,32
2023-08-16 03:39:56,32
2023-08-16 03:40:56,32
2023-08-16 03:41:56,32
2023-08-16 03:42:57,32
2023-08-16 03:43:57,32
2023-08-16 03:44:57,32
2023-08-16 03:45:57,32
2023-08-16 03:46:57,32
2023-08-16 03:47:57,32
2023-08-16 03:48:57,32
2023-08-16 03:49:57,32
2023-08-16 03:50:57,32
2023-08-16 03:51:57,32
2023-08-16 03:52:58,32
2023-08-16 03:53:58,32
2023-08-16 03:54:58,32
2023-08-16 03:55:58,32
2023-08-16 03:56:58,32
2023-08-16 03:57:58,32
2023-08-16 03:58:58,32
2023-08-16 03:59:58,32
2023-08-16 04:00:58,32
2023-08-16 04:01:59,32
2023-08-16 04:02:59,32
2023-08-16 04:03:59,31
2023-08-16 04:04:59,32
2023-08-16 04:05:59,32
2023-08-16 04:06:59,32
2023-08-16 04:07:59,32
2023-08-16 04:08:59,32
2023-08-16 04:09:59,32
2023-08-16 04:11:00,31
2023-08-16 04:12:00,32
2023-08-16 04:13:00,32
2023-08-16 04:14:00,32
2023-08-16 04:15:00,32
2023-08-16 04:16:00,32
2023-08-16 04:17:00,32
2023-08-16 04:18:00,32
2023-08-16 04:19:00,32
2023-08-16 04:20:01,32
2023-08-16 04:21:01,32
2023-08-16 04:22:01,32
2023-08-16 04:23:01,32
2023-08-16 04:24:01,33
2023-08-16 04:25:01,33
2023-08-16 04:26:01,33
2023-08-16 04:27:01,33
2023-08-16 04:28:01,33
2023-08-16 04:29:02,33
2023-08-16 04:30:02,33
2023-08-16 04:31:02,33
2023-08-16 04:32:02,33
2023-08-16 04:33:02,33
2023-08-16 04:34:02,33
2023-08-16 04:35:02,33
2023-08-16 04:36:02,33
2023-08-16 04:37:02,33
2023-08-16 04:38:03,33
2023-08-16 04:39:03,33
2023-08-16 04:40:03,33
2023-08-16 04:41:03,33
2023-08-16 04:42:03,33
2023-08-16 04:43:03,33
2023-08-16 04:44:03,33
2023-08-16 04:45:03,33
2023-08-16 04:46:03,33
2023-08-16 04:47:03,33
2023-08-16 04:48:04,33
2023-08-16 04:49:04,33
2023-08-16 04:50:04,33
2023-08-16 04:51:04,34
2023-08-16 04:52:04,33
2023-08-16 04:53:04,33
2023-08-16 04:54:04,33
2023-08-16 04:55:04,33
2023-08-16 04:56:04,33
2023-08-16 04:57:05,33
2023-08-16 04:58:05,33
2023-08-16 04:59:05,33
2023-08-16 05:00:05,33
2023-08-16 05:01:05,33
2023-08-16 05:02:05,33
2023-08-16 05:03:05,33
2023-08-16 05:04:05,33
2023-08-16 05:05:05,33
2023-08-16 05:06:06,33
2023-08-16 05:07:06,33
2023-08-16 05:08:06,33
2023-08-16 05:09:06,33
2023-08-16 05:10:06,33
2023-08-16 05:11:06,32
2023-08-16 05:12:06,33
2023-08-16 05:13:06,33
2023-08-16 05:14:06,33
2023-08-16 05:15:07,32
2023-08-16 05:16:07,33
2023-08-16 05:17:07,33
2023-08-16 05:18:07,33
2023-08-16 05:19:07,33
2023-08-16 05:20:07,33
2023-08-16 05:21:07,33
2023-08-16 05:22:07,33
2023-08-16 05:23:07,33
2023-08-16 05:24:08,33
2023-08-16 05:25:08,32
2023-08-16 05:26:08,33
2023-08-16 05:27:08,32
2023-08-16 05:28:08,32
2023-08-16 05:29:08,33
2023-08-16 05:30:08,33
2023-08-16 05:31:08,33
2023-08-16 05:32:08,33
2023-08-16 05:33:09,33
2023-08-16 05:34:09,33
2023-08-16 05:35:09,32
2023-08-16 05:36:09,32
2023-08-16 05:37:09,32
2023-08-16 05:38:09,32
2023-08-16 05:39:09,32
2023-08-16 05:40:09,32
2023-08-16 05:41:09,32
2023-08-16 05:42:09,33
2023-08-16 05:43:10,32
2023-08-16 05:44:10,32
2023-08-16 05:45:10,32
2023-08-16 05:46:10,32
2023-08-16 05:47:10,32
2023-08-16 05:48:10,33
2023-08-16 05:49:10,32
2023-08-16 05:50:10,32
2023-08-16 05:51:10,32
2023-08-16 05:52:11,32
2023-08-16 05:53:11,32
2023-08-16 05:54:11,32
2023-08-16 05:55:11,32
2023-08-16 05:56:11,32
2023-08-16 05:57:11,32
2023-08-16 05:58:11,32
2023-08-16 05:59:11,32
2023-08-16 06:00:11,32
2023-08-16 06:01:12,32
2023-08-16 06:02:12,32
2023-08-16 06:03:12,32
2023-08-16 06:04:12,32
2023-08-16 06:05:12,32
2023-08-16 06:06:12,32
2023-08-16 06:07:12,32
2023-08-16 06:08:12,32
2023-08-16 06:09:12,32
2023-08-16 06:10:13,32
2023-08-16 06:11:13,32
2023-08-16 06:12:13,32
2023-08-16 06:13:13,32
2023-08-16 06:14:13,32
2023-08-16 06:15:13,32
2023-08-16 06:16:13,32
2023-08-16 06:17:13,32
2023-08-16 06:18:13,32
2023-08-16 06:19:13,32
2023-08-16 06:20:14,32
2023-08-16 06:21:14,32
2023-08-16 06:22:14,32
2023-08-16 06:23:14,32
2023-08-16 06:24:14,32
2023-08-16 06:25:14,32
2023-08-16 06:26:14,32
2023-08-16 06:27:14,32
2023-08-16 06:28:14,32
2023-08-16 06:29:15,32
2023-08-16 06:30:15,32
2023-08-16 06:31:15,32
2023-08-16 06:32:15,32
2023-08-16 06:33:15,32
2023-08-16 06:34:15,32
2023-08-16 06:35:15,32
2023-08-16 06:36:15,32
2023-08-16 06:37:15,32
2023-08-16 06:38:15,32
2023-08-16 06:39:16,33
2023-08-16 06:40:16,33
2023-08-16 06:41:16,32
2023-08-16 06:42:16,32
2023-08-16 06:43:16,32
2023-08-16 06:44:16,33
2023-08-16 06:45:16,32
2023-08-16 06:46:16,32
2023-08-16 06:47:16,32
2023-08-16 06:48:17,32
2023-08-16 06:49:17,33
2023-08-16 06:50:17,32
2023-08-16 06:51:17,32
2023-08-16 06:52:17,32
2023-08-16 06:53:17,32
2023-08-16 06:54:17,32
2023-08-16 06:55:17,32
2023-08-16 06:56:17,32
2023-08-16 06:57:18,32
2023-08-16 06:58:18,32
2023-08-16 06:59:18,32
2023-08-16 07:00:18,32
2023-08-16 07:01:18,32
2023-08-16 07:02:18,32
2023-08-16 07:03:18,32
2023-08-16 07:04:18,32
2023-08-16 07:05:18,32
2023-08-16 07:06:19,32
2023-08-16 07:07:19,32
2023-08-16 07:08:19,32
2023-08-16 07:09:19,32
2023-08-16 07:10:19,32
2023-08-16 07:11:19,32
2023-08-16 07:12:19,32
2023-08-16 07:13:19,32
2023-08-16 07:14:19,32
2023-08-16 07:15:20,32
2023-08-16 07:16:20,32
2023-08-16 07:17:20,32
2023-08-16 07:18:20,32
2023-08-16 07:19:20,32
2023-08-16 07:20:20,32
2023-08-16 07:21:20,32
2023-08-16 07:22:20,32
2023-08-16 07:23:20,32
2023-08-16 07:24:21,32
2023-08-16 07:25:21,32
2023-08-16 07:26:21,32
2023-08-16 07:27:21,32
2023-08-16 07:28:21,32
2023-08-16 07:29:21,32
2023-08-16 07:30:21,32
2023-08-16 07:31:21,32
2023-08-16 07:32:22,32
2023-08-16 07:33:22,32
2023-08-16 07:34:22,32
2023-08-16 07:35:22,32
2023-08-16 07:36:22,32
2023-08-16 07:37:22,32
2023-08-16 07:38:22,32
2023-08-16 07:39:22,32
2023-08-16 07:40:22,32
2023-08-16 07:41:23,32
2023-08-16 07:42:23,32
2023-08-16 07:43:23,33
2023-08-16 07:44:23,33
2023-08-16 07:45:23,33
2023-08-16 07:46:23,33
2023-08-16 07:47:23,33
2023-08-16 07:48:23,33
2023-08-16 07:49:23,33
2023-08-16 07:50:24,33
2023-08-16 07:51:24,33
2023-08-16 07:52:24,33
2023-08-16 07:53:24,33
2023-08-16 07:54:24,33
2023-08-16 07:55:24,33
2023-08-16 07:56:24,33
2023-08-16 07:57:24,33
2023-08-16 07:58:24,33
2023-08-16 07:59:25,33
2023-08-16 08:00:25,33
2023-08-16 08:01:25,33
2023-08-16 08:02:25,33
2023-08-16 08:03:25,33
2023-08-16 08:04:25,33
2023-08-16 08:05:25,33
2023-08-16 08:06:25,33
2023-08-16 08:07:25,33
2023-08-16 08:08:26,33
2023-08-16 08:09:26,33
2023-08-16 08:10:26,33
2023-08-16 08:11:26,33
2023-08-16 08:12:26,33
2023-08-16 08:13:26,33
2023-08-16 08:14:26,33
2023-08-16 08:15:26,33
2023-08-16 08:16:26,33
2023-08-16 08:17:26,33
2023-08-16 08:18:27,33
2023-08-16 08:19:27,33
2023-08-16 08:20:27,33
2023-08-16 08:21:27,33
2023-08-16 08:22:27,33
2023-08-16 08:23:27,33
2023-08-16 08:24:27,33
2023-08-16 08:25:27,32
2023-08-16 08:26:27,33
2023-08-16 08:27:27,32
2023-08-16 08:28:28,32
2023-08-16 08:29:28,32
2023-08-16 08:30:28,32
2023-08-16 08:31:28,32
2023-08-16 08:32:28,32
2023-08-16 08:33:28,32
2023-08-16 08:34:28,32
2023-08-16 08:35:28,32
2023-08-16 08:36:28,32
2023-08-16 08:37:29,32
2023-08-16 08:38:29,33
2023-08-16 08:39:29,33
2023-08-16 08:40:29,32
2023-08-16 08:41:29,32
2023-08-16 08:42:29,33
2023-08-16 08:43:29,32
2023-08-16 08:44:29,32
2023-08-16 08:45:29,32
2023-08-16 08:46:30,32
2023-08-16 08:47:30,32
2023-08-16 08:48:30,32
2023-08-16 08:49:30,32
2023-08-16 08:50:30,32
2023-08-16 08:51:30,32
2023-08-16 08:52:30,32
2023-08-16 08:53:30,32
2023-08-16 08:54:30,32
2023-08-16 08:55:31,32
2023-08-16 08:56:31,32
2023-08-16 08:57:31,32
2023-08-16 08:58:31,32
2023-08-16 08:59:31,32
2023-08-16 09:00:31,32
2023-08-16 09:01:31,32
2023-08-16 09:02:31,32
2023-08-16 09:03:31,32
2023-08-16 09:04:32,32
2023-08-16 09:05:32,32
2023-08-16 09:06:32,32
2023-08-16 09:07:32,32
2023-08-16 09:08:32,32
2023-08-16 09:09:32,32
2023-08-16 09:10:32,32
2023-08-16 09:11:32,32
2023-08-16 09:12:32,32
2023-08-16 09:13:33,33
2023-08-16 09:14:33,32
2023-08-16 09:15:33,33
2023-08-16 09:16:33,33
2023-08-16 09:17:33,33
2023-08-16 09:18:33,33
2023-08-16 09:19:33,32
2023-08-16 09:20:33,33
2023-08-16 09:21:33,33
2023-08-16 09:22:33,33
2023-08-16 09:23:34,32
2023-08-16 09:24:34,32
2023-08-16 09:25:34,33
2023-08-16 09:26:34,32
2023-08-16 09:27:34,32
2023-08-16 09:28:34,32
2023-08-16 09:29:34,32
2023-08-16 09:30:34,32
2023-08-16 09:31:34,33
2023-08-16 09:32:35,33
2023-08-16 09:33:35,33
2023-08-16 09:34:35,33
2023-08-16 09:35:35,32
2023-08-16 09:36:35,32
2023-08-16 09:37:35,33
2023-08-16 09:38:35,33
2023-08-16 09:39:35,33
2023-08-16 09:40:35,33
2023-08-16 09:41:36,33
2023-08-16 09:42:36,33
2023-08-16 09:43:36,33
2023-08-16 09:44:36,33
2023-08-16 09:45:36,33
2023-08-16 09:46:36,33
2023-08-16 09:47:36,33
2023-08-16 09:48:36,33
2023-08-16 09:49:36,33
2023-08-16 09:50:36,33
2023-08-16 09:51:37,33
2023-08-16 09:52:37,33
2023-08-16 09:53:37,33
2023-08-16 09:54:37,33
2023-08-16 09:55:37,33
2023-08-16 09:56:37,33
2023-08-16 09:57:37,33
2023-08-16 09:58:37,33
2023-08-16 09:59:37,33
2023-08-16 10:00:37,33
2023-08-16 10:01:38,33
2023-08-16 10:02:38,33
2023-08-16 10:03:38,33
2023-08-16 10:04:38,33
2023-08-16 10:05:38,33
2023-08-16 10:06:38,33
2023-08-16 10:07:38,33
2023-08-16 10:08:38,33
2023-08-16 10:09:38,33
2023-08-16 10:10:39,33
2023-08-16 10:11:39,33
2023-08-16 10:12:39,33
2023-08-16 10:13:39,33
2023-08-16 10:14:39,33
2023-08-16 10:15:39,33
2023-08-16 10:16:39,33
2023-08-16 10:17:39,33
2023-08-16 10:18:39,33
2023-08-16 10:19:39,33
2023-08-16 10:20:40,33
2023-08-16 10:21:40,33
2023-08-16 10:22:40,33
2023-08-16 10:23:40,33
2023-08-16 10:24:40,33
2023-08-16 10:25:40,33
2023-08-16 10:26:40,33
2023-08-16 10:27:40,33
2023-08-16 10:28:40,33
2023-08-16 10:29:41,33
2023-08-16 10:30:41,33
2023-08-16 10:31:41,33
2023-08-16 10:32:41,33
2023-08-16 10:33:41,33
2023-08-16 10:34:41,33
2023-08-16 10:35:41,33
2023-08-16 10:36:41,33
2023-08-16 10:37:41,33
2023-08-16 10:38:42,33
2023-08-16 10:39:42,33
2023-08-16 10:40:42,33
2023-08-16 10:41:42,33
2023-08-16 10:42:42,33
2023-08-16 10:43:42,33
2023-08-16 10:44:42,33
2023-08-16 10:45:42,33
2023-08-16 10:46:42,33
2023-08-16 10:47:43,33
2023-08-16 10:48:43,33
2023-08-16 10:49:43,33
2023-08-16 10:50:43,33
2023-08-16 10:51:43,33
2023-08-16 10:52:43,33
2023-08-16 10:53:43,33
2023-08-16 10:54:43,33
2023-08-16 10:55:43,33
2023-08-16 10:56:44,33
2023-08-16 10:57:44,33
2023-08-16 10:58:44,33
2023-08-16 10:59:44,33
2023-08-16 11:00:44,33
2023-08-16 11:01:44,33
2023-08-16 11:02:44,33
2023-08-16 11:03:44,33
2023-08-16 11:04:44,33
2023-08-16 11:05:45,33
2023-08-16 11:06:45,34
2023-08-16 11:07:45,33
2023-08-16 11:08:45,33
2023-08-16 11:09:45,33
2023-08-16 11:10:45,33
2023-08-16 11:11:45,34
2023-08-16 11:12:45,33
2023-08-16 11:13:45,34
2023-08-16 11:14:46,34
2023-08-16 11:15:46,33
2023-08-16 11:16:46,34
2023-08-16 11:17:46,34
2023-08-16 11:18:46,34
2023-08-16 11:19:46,33
2023-08-16 11:20:46,34
2023-08-16 11:21:46,33
2023-08-16 11:22:46,33
2023-08-16 11:23:46,34
2023-08-16 11:24:47,34
2023-08-16 11:25:47,33
2023-08-16 11:26:47,33
2023-08-16 11:27:47,34
2023-08-16 11:28:47,33
2023-08-16 11:29:47,33
2023-08-16 11:30:47,33
2023-08-16 11:31:47,33
2023-08-16 11:32:47,33
2023-08-16 11:33:48,33
2023-08-16 11:34:48,33
2023-08-16 11:35:48,33
2023-08-16 11:36:48,34
2023-08-16 11:37:48,34
2023-08-16 11:38:48,33
2023-08-16 11:39:48,34
2023-08-16 11:40:48,34
2023-08-16 11:41:49,34
2023-08-16 11:42:49,34
2023-08-16 11:43:49,34
2023-08-16 11:44:49,34
2023-08-16 11:45:49,34
2023-08-16 11:46:50,34
2023-08-16 11:47:50,34
2023-08-16 11:48:50,34
2023-08-16 11:49:50,34
2023-08-16 11:50:50,34
2023-08-16 11:51:50,34
2023-08-16 11:52:50,34
2023-08-16 11:53:50,34
2023-08-16 11:54:50,34
2023-08-16 11:55:51,34
2023-08-16 11:56:51,34
2023-08-16 11:57:51,34
2023-08-16 11:58:51,34
2023-08-16 11:59:51,34
2023-08-16 12:00:51,34
2023-08-16 12:01:51,34
2023-08-16 12:02:51,34
2023-08-16 12:03:51,34
2023-08-16 12:04:52,34
2023-08-16 12:05:52,34
2023-08-16 12:06:52,34
2023-08-16 12:07:52,34
2023-08-16 12:08:52,34
2023-08-16 12:09:52,34
2023-08-16 12:10:52,34
2023-08-16 12:11:52,34
2023-08-16 12:12:52,34
2023-08-16 12:13:53,34
2023-08-16 12:14:53,34
2023-08-16 12:15:53,34
2023-08-16 12:16:53,34
2023-08-16 12:17:53,34
2023-08-16 12:18:53,34
2023-08-16 12:19:53,34
2023-08-16 12:20:53,34
2023-08-16 12:21:53,35
2023-08-16 12:22:54,35
2023-08-16 12:23:54,35
2023-08-16 12:24:54,35
2023-08-16 12:25:54,34
2023-08-16 12:26:54,34
2023-08-16 12:27:54,34
2023-08-16 12:28:54,34
2023-08-16 12:29:54,34
2023-08-16 12:30:54,34
2023-08-16 12:31:54,34
2023-08-16 12:32:55,34
2023-08-16 12:33:55,34
2023-08-16 12:34:55,34
2023-08-16 12:35:55,34
2023-08-16 12:36:55,34
2023-08-16 12:37:55,34
2023-08-16 12:38:55,34
2023-08-16 12:39:55,34
2023-08-16 12:40:55,35
2023-08-16 12:41:55,34
2023-08-16 12:42:56,34
2023-08-16 12:43:56,34
2023-08-16 12:44:56,34
2023-08-16 12:45:56,34
2023-08-16 12:46:56,34
2023-08-16 12:47:56,35
2023-08-16 12:48:56,34
2023-08-16 12:49:56,34
2023-08-16 12:50:56,34
2023-08-16 12:51:57,34
2023-08-16 12:52:57,34
2023-08-16 12:53:57,34
2023-08-16 12:54:57,34
2023-08-16 12:55:57,34
2023-08-16 12:56:57,34
2023-08-16 12:57:57,34
2023-08-16 12:58:57,34
2023-08-16 12:59:57,34
2023-08-16 13:00:58,34
2023-08-16 13:01:58,34
2023-08-16 13:02:58,34
2023-08-16 13:03:58,34
2023-08-16 13:04:58,34
2023-08-16 13:05:58,34
2023-08-16 13:06:58,34
2023-08-16 13:07:58,34
2023-08-16 13:08:58,34
2023-08-16 13:09:59,34
2023-08-16 13:10:59,34
2023-08-16 13:11:59,34
2023-08-16 13:12:59,34
2023-08-16 13:13:59,35
2023-08-16 13:14:59,34
2023-08-16 13:15:59,34
2023-08-16 13:16:59,34
2023-08-16 13:17:59,34
2023-08-16 13:18:59,34
2023-08-16 13:20:00,34
2023-08-16 13:21:00,34
2023-08-16 13:22:00,34
2023-08-16 13:23:00,34
2023-08-16 13:24:00,34
2023-08-16 13:25:00,34
2023-08-16 13:26:00,34
2023-08-16 13:27:00,34
2023-08-16 13:28:00,34
2023-08-16 13:29:01,34
2023-08-16 13:30:01,34
2023-08-16 13:31:01,34
2023-08-16 13:32:01,34
2023-08-16 13:33:01,34
2023-08-16 13:34:01,34
2023-08-16 13:35:01,34
2023-08-16 13:36:01,34
2023-08-16 13:37:01,34
2023-08-16 13:38:02,33
2023-08-16 13:39:02,34
2023-08-16 13:40:02,33
2023-08-16 13:41:02,33
2023-08-16 13:42:02,33
2023-08-16 13:43:02,34
2023-08-16 13:44:02,33
2023-08-16 13:45:02,33
2023-08-16 13:46:02,33
2023-08-16 13:47:03,33
2023-08-16 13:48:03,33
2023-08-16 13:49:03,33
2023-08-16 13:50:03,33
2023-08-16 13:51:03,33
2023-08-16 13:52:03,33
2023-08-16 13:53:03,33
2023-08-16 13:54:03,33
2023-08-16 13:55:03,33
2023-08-16 13:56:04,33
2023-08-16 13:57:04,33
2023-08-16 13:58:04,33
2023-08-16 13:59:04,33
2023-08-16 14:00:04,33
2023-08-16 14:01:04,33
2023-08-16 14:02:04,33
2023-08-16 14:03:04,33
2023-08-16 14:04:04,33
2023-08-16 14:05:04,33
2023-08-16 14:06:05,33
2023-08-16 14:07:05,33
2023-08-16 14:08:05,35
2023-08-16 14:09:05,34
2023-08-16 14:10:05,34
2023-08-16 14:11:05,34
2023-08-16 14:12:05,34
2023-08-16 14:13:05,34
2023-08-16 14:14:06,34
2023-08-16 14:15:06,34
2023-08-16 14:16:06,34
2023-08-16 14:17:06,34
2023-08-16 14:18:06,34
2023-08-16 14:19:06,34
2023-08-16 14:20:06,34
2023-08-16 14:21:06,34
2023-08-16 14:22:06,34
2023-08-16 14:23:07,34
2023-08-16 14:24:07,34
2023-08-16 14:25:07,34
2023-08-16 14:26:07,34
2023-08-16 14:27:07,34
2023-08-16 14:28:07,33
2023-08-16 14:29:07,33
2023-08-16 14:30:07,33
2023-08-16 14:31:07,34
2023-08-16 14:32:07,34
2023-08-16 14:33:08,33
2023-08-16 14:34:08,33
2023-08-16 14:35:08,34
2023-08-16 14:36:08,33
2023-08-16 14:37:08,34
2023-08-16 14:38:08,34
2023-08-16 14:39:08,33
2023-08-16 14:40:08,34
2023-08-16 14:41:08,34
2023-08-16 14:42:09,34
2023-08-16 14:43:09,34
2023-08-16 14:44:09,33
2023-08-16 14:45:09,33
2023-08-16 14:46:09,34
2023-08-16 14:47:09,34
2023-08-16 14:48:09,34
2023-08-16 14:49:09,34
2023-08-16 14:50:09,34
2023-08-16 14:51:10,34
2023-08-16 14:52:10,34
2023-08-16 14:53:10,34
2023-08-16 14:54:10,34
2023-08-16 14:55:10,34
2023-08-16 14:56:10,34
2023-08-16 14:57:10,34
2023-08-16 14:58:10,34
2023-08-16 14:59:10,34
2023-08-16 15:00:11,34
2023-08-16 15:01:11,34
2023-08-16 15:02:11,34
2023-08-16 15:03:11,34
2023-08-16 15:04:11,34
2023-08-16 15:05:11,34
2023-08-16 15:06:11,34
2023-08-16 15:07:11,33
2023-08-16 15:08:11,34
2023-08-16 15:09:12,33
2023-08-16 15:10:12,34
2023-08-16 15:11:12,34
2023-08-16 15:12:12,33
2023-08-16 15:13:12,34
2023-08-16 15:14:12,34
2023-08-16 15:15:12,33
2023-08-16 15:16:12,33
2023-08-16 15:17:12,33
2023-08-16 15:18:13,33
2023-08-16 15:19:13,33
2023-08-16 15:20:13,33
2023-08-16 15:21:13,34
2023-08-16 15:22:13,34
2023-08-16 15:23:13,34
2023-08-16 15:24:13,34
2023-08-16 15:25:13,34
2023-08-16 15:26:13,34
2023-08-16 15:27:13,34
2023-08-16 15:28:14,34
2023-08-16 15:29:14,34
2023-08-16 15:30:14,34
2023-08-16 15:31:14,34
2023-08-16 15:32:14,34
2023-08-16 15:33:14,34
2023-08-16 15:34:14,34
2023-08-16 15:35:14,34
2023-08-16 15:36:14,34
2023-08-16 15:37:15,34
2023-08-16 15:38:15,34
2023-08-16 15:39:15,34
2023-08-16 15:40:15,34
2023-08-16 15:41:15,34
2023-08-16 15:42:15,34
2023-08-16 15:43:15,34
2023-08-16 15:44:15,34
2023-08-16 15:45:15,34
2023-08-16 15:46:15,34
2023-08-16 15:47:15,34
2023-08-16 15:48:15,34
2023-08-16 15:49:16,34
2023-08-16 15:50:16,34
2023-08-16 15:51:16,34
2023-08-16 15:52:16,34
2023-08-16 15:53:16,34
2023-08-16 15:54:16,34
2023-08-16 15:55:16,34
2023-08-16 15:56:16,34
2023-08-16 15:57:16,34
2023-08-16 15:58:17,34
2023-08-16 15:59:17,34
2023-08-16 16:00:17,34
2023-08-16 16:01:17,34
2023-08-16 16:02:17,34
2023-08-16 16:03:17,34
2023-08-16 16:04:17,34
2023-08-16 16:05:17,34
2023-08-16 16:06:17,34
2023-08-16 16:07:18,34
2023-08-16 16:08:18,34
2023-08-16 16:09:18,34
2023-08-16 16:10:18,34
2023-08-16 16:11:18,34
2023-08-16 16:12:18,34
2023-08-16 16:13:18,34
2023-08-16 16:14:18,34
2023-08-16 16:15:18,34
2023-08-16 16:16:19,34
2023-08-16 16:17:19,34
2023-08-16 16:18:19,34
2023-08-16 16:19:19,34
2023-08-16 16:20:19,34
2023-08-16 16:21:19,34
2023-08-16 16:22:19,34
2023-08-16 16:23:19,34
2023-08-16 16:24:19,34
2023-08-16 16:25:19,34
2023-08-16 16:26:20,34
2023-08-16 16:27:20,34
2023-08-16 16:28:20,34
2023-08-16 16:29:20,34
2023-08-16 16:30:20,34
2023-08-16 16:31:20,34
2023-08-16 16:32:20,34
2023-08-16 16:33:20,34
2023-08-16 16:34:20,34
2023-08-16 16:35:21,34
2023-08-16 16:36:21,34
2023-08-16 16:37:21,34
2023-08-16 16:38:21,34
2023-08-16 16:39:21,34
2023-08-16 16:40:21,34
2023-08-16 16:41:21,34
2023-08-16 16:42:21,34
2023-08-16 16:43:21,34
2023-08-16 16:44:22,34
2023-08-16 16:45:22,34
2023-08-16 16:46:22,34
2023-08-16 16:47:22,34
2023-08-16 16:48:22,34
2023-08-16 16:49:22,34
2023-08-16 16:50:22,34
2023-08-16 16:51:22,34
2023-08-16 16:52:22,34
2023-08-16 16:53:23,34
2023-08-16 16:54:23,34
2023-08-16 16:55:23,34
2023-08-16 16:56:23,34
2023-08-16 16:57:23,34
